video_name,duration,fps,keyframes,keyframes(frames),struggle,struggle(frames),participantID,subactivityID,attemptID,struggle_durations,total_struggle_duration,struggle_proportions
01_03_01,61.7,50,"[6.053, 6.45, 7.076, 8.157, 19.365, 19.714, 20.475, 21.57, 22.667, 23.706, 24.613, 25.283, 26.419, 28.026, 28.77, 29.642, 30.484, 31.173, 31.851, 33.042, 34.324, 35.019, 36.011, 37.034, 37.924, 38.941, 39.965, 40.957, 41.972, 42.979, 44.166, 45.602, 57.419, 58.492, 60.572]","[303, 322, 354, 408, 968, 986, 1024, 1078, 1133, 1185, 1231, 1264, 1321, 1401, 1438, 1482, 1524, 1559, 1593, 1652, 1716, 1751, 1801, 1852, 1896, 1947, 1998, 2048, 2099, 2149, 2208, 2280, 2871, 2925, 3029]","[[5.957, 9.14809], [19.159, 46.69089], [56.439, 61.62952]]","[[298, 457], [958, 2335], [2822, 3081]]",01,03,01,"[3.19109, 27.531890000000004, 5.190519999999999]",35.9135,0.58
01_03_02,61.46,50,"[4.329, 4.756, 5.714, 6.945, 7.956, 9.188, 10.458, 12.027, 12.9, 13.937, 16.337, 15.409, 17.677, 27.522, 28.609, 29.599, 30.999, 32.242, 33.159, 48.026, 49.665, 50.487, 51.415, 52.545]","[216, 238, 286, 347, 398, 459, 523, 601, 645, 697, 817, 770, 884, 1376, 1430, 1480, 1550, 1612, 1658, 2401, 2483, 2524, 2571, 2627]","[[4.27309, 18.66892], [27.428, 34.15271], [47.923, 53.55271]]","[[214, 933], [1371, 1708], [2396, 2678]]",01,03,02,"[14.39583, 6.724709999999998, 5.629709999999996]",26.750249999999994,0.44
01_03_03,61.28,50,"[3.445, 4.684, 5.785, 6.998, 8.431, 9.372, 10.412, 11.979, 13.291, 14.31, 21.553, 22.591, 24.079, 25.399, 26.686, 27.827, 31.035, 28.981, 29.941, 32.298, 33.706, 34.956, 36.25, 37.569, 38.82, 40.139]","[172, 234, 289, 350, 422, 469, 521, 599, 665, 716, 1078, 1130, 1204, 1270, 1334, 1391, 1552, 1449, 1497, 1615, 1685, 1748, 1812, 1878, 1941, 2007]","[[3.41892, 15.27309], [21.475, 41.19746]]","[[171, 764], [1074, 2060]]",01,03,03,"[11.85417, 19.722459999999998]",31.576629999999998,0.52
01_03_04,61.52,50,"[19.8, 20.752, 16.618, 17.752, 18.752, 21.802, 23.349, 24.321, 44.522, 45.949, 47.821]","[990, 1038, 831, 888, 938, 1090, 1167, 1216, 2226, 2297, 2391]","[[16.56476, 25.31476], [44.46059, 48.83559]]","[[828, 1266], [2223, 2442]]",01,03,04,"[8.75, 4.375]",13.125,0.21
01_03_05,62.54,50,"[16.611, 17.593, 18.45, 19.451, 20.184, 56.249, 56.802, 57.656, 58.422, 59.253]","[831, 880, 922, 973, 1009, 2812, 2840, 2883, 2921, 2963]","[[16.54392, 21.16892], [56.15271, 60.25271]]","[[827, 1058], [2808, 3013]]",01,03,05,"[4.625, 4.100000000000001]",8.725000000000001,0.14
02_03_01,63.02,50,"[6.155, 6.61, 7.372, 8.891, 10.859, 11.892, 12.708, 14.115, 16.279, 17.709, 19.138, 20.317, 26.252, 26.581, 27.581, 28.595, 29.442, 39.638, 41.2, 41.991, 43.472, 44.983]","[308, 330, 369, 445, 543, 595, 635, 706, 814, 885, 957, 1016, 1313, 1329, 1379, 1430, 1472, 1982, 2060, 2100, 2174, 2249]","[[5.658, 21.35642], [26.12726, 30.46059], [39.091, 46.04392]]","[[283, 1068], [1306, 1523], [1955, 2302]]",02,03,01,"[15.698419999999999, 4.33333, 6.952919999999999]",26.984669999999998,0.43
02_03_02,76.14,50,"[6.476, 4.672, 5.552, 60.438, 61.518, 62.774, 63.898, 65.382, 66.432, 67.806, 59.429]","[324, 234, 278, 3022, 3076, 3139, 3195, 3269, 3322, 3390, 2971]","[[4.59714, 7.50339], [59.31927, 68.75677]]","[[230, 375], [2966, 3438]]",02,03,02,"[2.90625, 9.4375]",12.34375,0.16
02_03_03,62.76,50,"[21.01, 19.209, 20.086, 22.189, 25.071, 23.325, 24.307, 26.835, 28.012, 29.099, 30.275, 31.476, 55.793, 56.777, 57.924, 59.304]","[1050, 960, 1004, 1109, 1254, 1166, 1215, 1342, 1401, 1455, 1514, 1574, 2790, 2839, 2896, 2965]","[[19.195, 32.46059], [55.727, 60.33559]]","[[960, 1623], [2786, 3017]]",02,03,03,"[13.265590000000003, 4.608590000000007]",17.87418000000001,0.28
02_03_04,67.82,50,"[5.849, 4.537, 6.846, 8.033, 62.105, 60.013, 60.99, 63.401]","[292, 227, 342, 402, 3105, 3001, 3050, 3170]","[[4.50226, 9.00226], [60.018, 64.41892]]","[[225, 450], [3001, 3221]]",02,03,04,"[4.5, 4.400919999999999]",8.90092,0.13
02_03_05,61.46,50,[],[],[],[],02,03,05,[],0.0,0.0
03_03_01,62.6,50,"[3.501, 4.262, 5.476, 6.902, 8.208, 11.247, 12.365, 15.685, 16.144, 17.068, 18.696, 19.991, 21.204, 22.677, 23.836, 42.561, 43.335, 45.887, 44.721, 52.919, 54.047, 55.757, 56.798]","[175, 213, 274, 345, 410, 562, 618, 784, 807, 853, 935, 1000, 1060, 1134, 1192, 2128, 2167, 2294, 2236, 2646, 2702, 2788, 2840]","[[3.449, 24.87726], [42.37, 46.91892], [52.775, 57.87726]]","[[172, 1244], [2118, 2346], [2639, 2894]]",03,03,01,"[21.42826, 4.5489200000000025, 5.102260000000001]",31.079440000000005,0.5
03_03_02,62.62,50,"[2.672, 3.44, 4.752, 6.304, 7.656, 8.838, 9.972, 11.192, 19.531, 20.336, 21.194, 22.536, 23.515, 52.114, 51.296, 53.408, 54.882, 55.906, 56.96]","[134, 172, 238, 315, 383, 442, 499, 560, 977, 1017, 1060, 1127, 1176, 2606, 2565, 2670, 2744, 2795, 2848]","[[2.66892, 12.21059], [19.46059, 24.52309], [51.25387, 58.00387]]","[[133, 611], [973, 1226], [2563, 2900]]",03,03,02,"[9.54167, 5.0625, 6.75]",21.35417,0.34
03_03_03,63.42,50,"[1.459, 2.679, 0.606, 3.95, 17.457, 18.17, 19.419, 16.796, 20.788, 57.302, 55.31, 56.204, 58.178]","[73, 134, 30, 198, 873, 909, 971, 840, 1039, 2865, 2766, 2810, 2909]","[[0.58559, 4.91892], [16.69, 21.81476], [55.25226, 59.21059]]","[[29, 246], [835, 1091], [2763, 2961]]",03,03,03,"[4.33333, 5.124759999999998, 3.9583300000000037]",13.416420000000002,0.21
03_03_04,61.18,50,"[0.55, 1.47, 2.886, 14.185, 15.147, 16.152, 13.026, 52.794, 53.656, 54.769, 55.833, 51.774]","[28, 74, 144, 709, 757, 808, 651, 2640, 2683, 2738, 2792, 2589]","[[0.535, 3.87726], [12.98142, 17.12726], [51.722, 56.83559]]","[[27, 194], [649, 856], [2586, 2842]]",03,03,04,"[3.34226, 4.14584, 5.113590000000002]",12.601690000000001,0.21
03_03_05,62.34,50,"[0.902, 1.621, 2.301, 3.202, 3.983, 4.768, 8.029, 8.513, 9.538, 10.499, 11.219, 12.288, 12.897, 13.698, 14.771, 15.882, 28.159, 29.028, 29.653, 30.317, 31.768, 32.739, 33.656, 34.251, 35.041, 39.938, 39.022, 41.054, 41.748, 43.067, 43.681, 44.277, 45.083, 45.907, 53.563, 52.54, 54.221, 55.239, 56.157, 57.045, 57.825]","[45, 81, 115, 160, 199, 238, 401, 426, 477, 525, 561, 614, 645, 685, 739, 794, 1408, 1451, 1483, 1516, 1588, 1637, 1683, 1713, 1752, 1997, 1951, 2053, 2087, 2153, 2184, 2214, 2254, 2295, 2678, 2627, 2711, 2762, 2808, 2852, 2891]","[[0.81476, 5.75226], [7.98142, 16.87726], [28.012, 36.07771], [38.87839, 46.97214], [52.322, 58.87952]]","[[41, 288], [399, 844], [1401, 1804], [1944, 2349], [2616, 2944]]",03,03,05,"[4.9375, 8.89584, 8.065710000000003, 8.09375, 6.557519999999997]",36.55032,0.59
04_03_01,66.2,50,"[33.94, 34.277, 34.62, 35.35, 36.403, 38.059, 53.812, 54.091, 54.538, 55.425, 56.226, 58.411, 3.787, 4.136, 5.656, 6.658, 7.322, 9.001, 1.462, 2.518, 3.306, 31.984, 33.206]","[1697, 1714, 1731, 1768, 1820, 1903, 2691, 2705, 2727, 2771, 2811, 2921, 189, 207, 283, 333, 366, 450, 73, 126, 165, 1599, 1660]","[[1.41892, 9.98142], [31.86412, 39.16968], [52.959, 59.37952]]","[[71, 499], [1593, 1958], [2648, 2969]]",04,03,01,"[8.5625, 7.30556, 6.420519999999996]",22.288579999999996,0.34
04_03_02,76.06,50,"[2.58, 3.493, 4.629, 5.564, 13.996, 16.148, 17.428, 18.773, 20.141, 21.244, 22.548, 23.844, 25.526, 15.139, 32.236, 33.364, 34.356, 35.549, 36.725, 37.863, 38.995, 40.217, 58.8, 59.982, 61.071, 62.597, 63.735, 68.1, 69.025, 70.488]","[129, 175, 231, 278, 700, 807, 871, 939, 1007, 1062, 1127, 1192, 1276, 757, 1612, 1668, 1718, 1777, 1836, 1893, 1950, 2011, 2940, 2999, 3054, 3130, 3187, 3405, 3451, 3524]","[[2.518, 6.52309], [13.977, 26.52309], [32.244, 41.25301], [58.714, 64.72523], [68.05857, 71.47523]]","[[126, 326], [699, 1326], [1612, 2063], [2936, 3236], [3403, 3574]]",04,03,02,"[4.00509, 12.54609, 9.009010000000004, 6.011229999999998, 3.416659999999993]",34.98808,0.46
04_03_03,68.2,50,"[11.139, 10.175, 12.473, 22.126, 20.596, 21.471, 18.993, 19.795, 23.342, 46.466, 47.62, 48.828, 49.691, 50.646, 51.708, 52.821, 54.357, 57.791, 56.294, 58.374, 59.839, 61.646]","[557, 509, 624, 1106, 1030, 1074, 950, 990, 1167, 2323, 2381, 2441, 2485, 2532, 2585, 2641, 2718, 2890, 2815, 2919, 2992, 3082]","[[10.186, 13.43976], [18.961, 24.33559], [46.39809, 62.68976]]","[[509, 672], [948, 1217], [2320, 3134]]",04,03,03,"[3.2537599999999998, 5.374590000000001, 16.291669999999996]",24.920019999999997,0.37
04_03_04,63.42,50,"[55.361, 53.745, 54.521, 56.341, 57.585]","[2768, 2687, 2726, 2817, 2879]","[[53.661, 58.60642]]","[[2683, 2930]]",04,03,04,[4.945419999999999],4.945419999999999,0.08
04_03_05,61.16,50,"[2.313, 2.873, 3.665, 4.619, 5.587, 6.355, 7.265, 23.957, 24.93, 25.925, 27.173, 52.738, 53.575, 54.361, 51.446]","[116, 144, 183, 231, 279, 318, 363, 1198, 1246, 1296, 1359, 2637, 2679, 2718, 2572]","[[2.218, 8.27309], [23.865, 28.16892], [51.417, 55.35642]]","[[111, 414], [1193, 1408], [2571, 2768]]",04,03,05,"[6.05509, 4.3039200000000015, 3.9394199999999984]",14.29843,0.23
05_03_01,70.16,50,"[4.173, 4.992, 6.08, 6.889, 7.56, 8.6, 9.995, 10.846, 15.514, 15.951, 17.209, 18.113, 19.409]","[209, 250, 304, 344, 378, 430, 500, 542, 776, 798, 860, 906, 970]","[[3.883, 11.87726], [15.259, 20.43976]]","[[194, 594], [763, 1022]]",05,03,01,"[7.99426, 5.180759999999999]",13.17502,0.19
05_03_02,66.42,50,"[4.095, 4.942, 5.832, 7.041, 8.378, 9.695, 18.938, 21.198, 22.528, 20.054, 29.992, 31.608, 32.541, 33.975, 44.065, 45.387, 46.554, 47.678]","[205, 247, 292, 352, 419, 485, 947, 1060, 1126, 1003, 1500, 1580, 1627, 1699, 2203, 2269, 2328, 2384]","[[4.02309, 10.66892], [18.927, 23.52309], [29.979, 34.93428], [43.974, 48.68428]]","[[201, 533], [946, 1176], [1499, 1747], [2199, 2434]]",05,03,02,"[6.64583, 4.59609, 4.955280000000002, 4.7102800000000045]",20.907480000000007,0.31
05_03_03,57.98,50,"[5.16, 6.095, 7.295, 8.673]","[258, 305, 365, 434]","[[5.109, 9.66892]]","[[255, 483]]",05,03,03,[4.55992],4.55992,0.08
05_03_04,65.3,50,"[21.298, 20.088, 22.697, 24.284, 25.736, 27.32, 30.312, 28.752, 31.383, 32.702]","[1065, 1004, 1135, 1214, 1287, 1366, 1516, 1438, 1569, 1635]","[[20.095, 33.73142]]","[[1005, 1687]]",05,03,04,[13.636420000000001],13.636420000000001,0.21
05_03_05,68.08,50,"[44.73, 45.976, 47.025, 47.912, 43.555, 51.478, 52.092, 52.869, 53.645, 54.847, 59.748, 60.515, 61.319, 62.263, 63.269, 59.265]","[2236, 2299, 2351, 2396, 2178, 2574, 2605, 2643, 2682, 2742, 2987, 3026, 3066, 3113, 3163, 2963]","[[43.46285, 48.87952], [51.25, 56.00452], [59.10542, 64.40542]]","[[2173, 2444], [2562, 2800], [2955, 3220]]",05,03,05,"[5.416669999999996, 4.754519999999999, 5.300000000000004]",15.47119,0.23
06_03_01,88.8,50,"[11.446, 11.885, 12.477, 13.799, 14.684, 15.548, 16.304, 17.772, 19.293, 20.662, 22.549, 25.315, 27.035, 28.063, 44.981, 45.73, 47.148, 47.988, 49.063, 49.927, 51.036, 52.556, 55.124, 78.359, 78.972, 80.25, 82.436, 83.694, 84.884, 74.923, 76.507]","[572, 594, 624, 690, 734, 777, 815, 889, 965, 1033, 1127, 1266, 1352, 1403, 2249, 2286, 2357, 2399, 2453, 2496, 2552, 2628, 2756, 3918, 3949, 4012, 4122, 4185, 4244, 3746, 3825]","[[11.31476, 29.10642], [44.864, 56.08559], [74.928, 85.87726]]","[[566, 1455], [2243, 2804], [3746, 4294]]",06,03,01,"[17.79166, 11.221590000000006, 10.94926000000001]",39.962510000000016,0.45
06_03_02,62.94,50,"[52.663, 49.891, 51.272, 53.644, 54.763, 56.11, 57.125, 58.003]","[2633, 2495, 2564, 2682, 2738, 2806, 2856, 2900]","[[49.845, 59.02309]]","[[2492, 2951]]",06,03,02,[9.178090000000005],9.178090000000005,0.15
06_03_03,63.72,50,"[8.048, 9.464, 10.44, 11.408, 12.613, 13.305, 14.628, 6.593, 39.509, 40.829, 41.861, 42.669, 43.765, 53.085, 54.262, 55.455]","[402, 473, 522, 570, 631, 665, 731, 330, 1975, 2041, 2093, 2133, 2188, 2654, 2713, 2773]","[[6.56476, 15.60642], [39.46059, 44.73142], [53.053, 56.41892]]","[[328, 780], [1973, 2237], [2653, 2821]]",06,03,03,"[9.04166, 5.270829999999997, 3.3659200000000027]",17.67841,0.28
06_03_04,57.18,50,"[13.632, 14.807, 12.434, 16.091, 17.282, 18.455, 19.306]","[682, 740, 622, 805, 864, 923, 965]","[[12.37726, 20.29392]]","[[619, 1015]]",06,03,04,[7.91666],7.91666,0.14
06_03_05,65.3,50,"[21.921, 22.655, 23.588, 24.398, 25.577, 26.549]","[1096, 1133, 1179, 1220, 1279, 1327]","[[21.89809, 27.58559]]","[[1095, 1379]]",06,03,05,[5.6875],5.6875,0.09
07_03_01,62.6,50,"[10.658, 10.999, 11.807, 12.525, 13.382, 14.4, 15.63, 20.256, 20.718, 21.169, 21.752, 22.647, 23.815, 24.753, 25.992, 27.064, 27.96, 28.824, 30.095, 30.998, 31.68, 32.4, 33.056, 33.887, 34.664, 35.633, 36.449, 37.12, 38.225, 39.442, 40.968, 41.774, 42.33, 43.23, 44.096, 45.025, 46.352, 53.654, 54.016, 54.358, 54.586, 55.606, 56.335, 57.502]","[533, 550, 590, 626, 669, 720, 782, 1013, 1036, 1058, 1088, 1132, 1191, 1238, 1300, 1353, 1398, 1441, 1505, 1550, 1584, 1620, 1653, 1694, 1733, 1782, 1822, 1856, 1911, 1972, 2048, 2089, 2116, 2162, 2205, 2251, 2318, 2683, 2701, 2718, 2729, 2780, 2817, 2875]","[[10.52309, 16.68976], [20.21059, 47.40964], [53.50452, 58.58785]]","[[526, 834], [1011, 2370], [2675, 2929]]",07,03,01,"[6.16667, 27.199050000000003, 5.083330000000004]",38.44905000000001,0.61
07_03_02,59.42,50,"[9.783, 10.672, 11.967, 12.925, 14.494, 15.637, 16.885, 17.669, 18.735, 20.301, 21.485, 22.592, 36.032, 37.001, 38.342, 39.486, 40.815, 41.893, 43.255, 44.319, 46.191, 47.149, 48.621, 50.085, 52.118]","[489, 534, 598, 646, 725, 782, 844, 883, 937, 1015, 1074, 1130, 1802, 1850, 1917, 1974, 2041, 2095, 2163, 2216, 2310, 2357, 2431, 2504, 2606]","[[9.73142, 23.58559], [36.00226, 53.10642]]","[[487, 1179], [1800, 2655]]",07,03,02,"[13.85417, 17.10416]",30.95833,0.52
07_03_03,63.94,50,"[13.977, 14.944, 16.624, 17.888, 18.726, 36.064, 37.117, 38.136, 39.688, 41.352, 42.4, 55.398, 56.303, 57.334, 58.444, 59.526, 60.846, 61.943, 62.8]","[699, 747, 831, 894, 936, 1803, 1856, 1907, 1984, 2068, 2120, 2770, 2815, 2867, 2922, 2976, 3042, 3097, 3140]","[[13.914, 19.68976], [36.02309, 43.37726], [55.39809, 63.87726]]","[[696, 984], [1801, 2169], [2770, 3194]]",07,03,03,"[5.77576, 7.354169999999996, 8.479169999999996]",21.60909999999999,0.34
07_03_04,72.44,50,"[28.643, 26.815, 27.487, 29.791, 30.991, 31.935, 32.847, 33.921, 35.111, 36.127, 37.224, 38.583, 39.657, 40.697, 41.984, 59.479, 60.501, 61.59, 62.838, 64, 65.037, 66.769]","[1432, 1341, 1374, 1490, 1550, 1597, 1642, 1696, 1756, 1806, 1861, 1929, 1983, 2035, 2099, 2974, 3025, 3080, 3142, 3200, 3252, 3338]","[[26.78959, 42.93244], [59.396, 67.80542]]","[[1339, 2147], [2970, 3390]]",07,03,04,"[16.14285, 8.409419999999997]",24.552269999999996,0.34
07_03_05,60.2,50,"[6.055, 6.792, 7.566, 8.321, 9.2, 10.264, 26.007, 26.902, 27.547, 28.334, 29.19, 30.294, 31.054, 42.793, 44.057, 44.771, 45.586, 46.368, 47.338, 48.446, 49.507]","[303, 340, 378, 416, 460, 513, 1300, 1345, 1377, 1417, 1460, 1515, 1553, 2140, 2203, 2239, 2279, 2318, 2367, 2422, 2475]","[[6.022, 11.25226], [25.966, 32.04392], [42.718, 50.52309]]","[[301, 563], [1298, 1602], [2136, 2526]]",07,03,05,"[5.2302599999999995, 6.077919999999999, 7.80509]",19.11327,0.32
08_03_01,61.98,50,[],[],[],[],08,03,01,[],0.0,0.0
08_03_02,66.32,50,"[24.962, 25.855, 26.784, 27.752, 28.808, 48.338, 49.296, 50.144, 50.963, 52.201, 53.152]","[1248, 1293, 1339, 1388, 1440, 2417, 2465, 2507, 2548, 2610, 2658]","[[24.93976, 29.79392], [48.346, 54.14809]]","[[1247, 1490], [2417, 2707]]",08,03,02,"[4.85416, 5.802090000000007]",10.656250000000007,0.16
08_03_03,63.72,50,"[4.047, 2.99, 5.016, 6.102, 12.096, 13.056, 11.177, 14.151]","[202, 150, 251, 305, 605, 653, 559, 708]","[[2.934, 7.06476], [11.16892, 15.14809]]","[[147, 353], [558, 757]]",08,03,03,"[4.1307599999999995, 3.97917]",8.109929999999999,0.13
08_03_04,66.08,50,"[33.545, 30.966, 32.229, 34.325, 35.495]","[1677, 1548, 1611, 1716, 1775]","[[30.95, 36.43244]]","[[1548, 1822]]",08,03,04,[5.48244],5.48244,0.08
08_03_05,65.76,50,"[1.616, 2.406, 3.497, 4.466, 5.289, 52.638, 53.417, 54.165, 54.84, 55.549, 56.31, 57.203, 57.942, 58.558]","[81, 120, 175, 223, 264, 2632, 2671, 2708, 2742, 2777, 2816, 2860, 2897, 2928]","[[1.52309, 6.25226], [52.613, 59.54392]]","[[76, 313], [2631, 2977]]",08,03,05,"[4.72917, 6.93092]",11.66009,0.18
09_03_01,61.68,50,"[20.802, 21.633, 24.24, 37.112, 38.153, 39.412, 53.768, 54.329, 55.352, 56.568, 52.806]","[1040, 1082, 1212, 1856, 1908, 1971, 2688, 2716, 2768, 2828, 2640]","[[20.41892, 25.27309], [36.801, 40.41892], [52.691, 57.56476]]","[[1021, 1264], [1840, 2021], [2635, 2878]]",09,03,01,"[4.85417, 3.617919999999998, 4.873759999999997]",13.345849999999995,0.22
09_03_02,70.3,50,"[5.945, 6.9, 8.028, 9.083, 10.218, 11.402, 12.611, 46.607, 47.534, 48.708, 49.598, 51.428, 52.573, 53.571]","[297, 345, 401, 454, 511, 570, 631, 2330, 2377, 2435, 2480, 2571, 2629, 2679]","[[5.93976, 13.62726], [46.60642, 54.58559]]","[[297, 681], [2330, 2729]]",09,03,02,"[7.6875, 7.979170000000003]",15.666670000000003,0.22
09_03_03,63.46,50,"[15.013, 15.894, 16.824, 18.088, 19.181, 27.673, 28.569, 29.59, 30.877, 32.145, 40.031, 40.92, 41.917, 43.175]","[751, 795, 841, 904, 959, 1384, 1428, 1480, 1544, 1607, 2002, 2046, 2096, 2159]","[[14.994, 20.12726], [27.64809, 33.16892], [39.965, 44.18976]]","[[750, 1006], [1382, 1658], [1998, 2209]]",09,03,03,"[5.13326, 5.52083, 4.224759999999996]",14.878849999999996,0.23
09_03_04,73.2,50,"[16.439, 15.029, 17.591, 19.101, 20.557]","[822, 751, 880, 955, 1028]","[[14.997, 21.54392]]","[[750, 1077]]",09,03,04,[6.54692],6.54692,0.09
09_03_05,67.68,50,"[2.002, 2.668, 3.612, 4.372, 4.93, 5.835, 6.977, 8.011]","[100, 133, 181, 219, 246, 292, 349, 401]","[[1.89809, 9.00226]]","[[95, 450]]",09,03,05,[7.10417],7.10417,0.1
10_03_01,73.52,50,"[3.061, 3.428, 4.299, 5.099, 6.258, 7.771, 8.675, 9.958, 11.467, 12.326, 13.31, 14.396, 15.363, 16.109, 17.187, 17.603, 18.262, 19.532, 20.787, 21.78, 22.907, 24.163, 25.157, 26.67, 37.259, 38.106, 39.075, 39.629, 40.452, 41.365, 42.358, 43.533, 50.948, 51.566, 51.969, 52.506, 53.084, 53.954, 54.754, 55.793, 56.577, 60.345, 60.956, 61.77, 62.513, 63.217, 64.475, 66.075, 67.066, 57.937, 59.096]","[153, 171, 215, 255, 313, 389, 434, 498, 573, 616, 666, 720, 768, 805, 859, 880, 913, 977, 1039, 1089, 1145, 1208, 1258, 1334, 1863, 1905, 1954, 1981, 2023, 2068, 2118, 2177, 2547, 2578, 2598, 2625, 2654, 2698, 2738, 2790, 2829, 3017, 3048, 3088, 3126, 3161, 3224, 3304, 3353, 2897, 2955]","[[2.898, 27.68976], [37.12726, 44.58559], [50.729, 68.10642]]","[[145, 1384], [1856, 2229], [2536, 3405]]",10,03,01,"[24.79176, 7.458330000000004, 17.37742]",49.62751,0.68
10_03_02,76.24,50,"[4.248, 5.264, 6.6, 7.687, 8.746, 9.868, 10.818, 11.992, 13.258, 24.826, 26.037, 23.86, 27.13, 28.755, 29.972, 45.291, 46.251, 47.299, 48.425, 49.623, 59.393, 60.222, 61.391, 62.67, 63.591]","[212, 263, 330, 384, 437, 493, 541, 600, 663, 1241, 1302, 1193, 1356, 1438, 1499, 2265, 2313, 2365, 2421, 2481, 2970, 3011, 3070, 3134, 3180]","[[4.21059, 14.25226], [23.83559, 31.02309], [45.266, 50.62726], [59.35642, 64.62726]]","[[211, 713], [1192, 1551], [2263, 2531], [2968, 3231]]",10,03,02,"[10.04167, 7.1875, 5.3612600000000015, 5.270840000000007]",27.861270000000008,0.37
10_03_03,71.0,50,"[48.41, 49.639, 50.847, 57.511, 58.447, 59.263, 56.359]","[2420, 2482, 2542, 2876, 2922, 2963, 2818]","[[48.35642, 51.87726], [56.354, 60.29392]]","[[2418, 2594], [2818, 3015]]",10,03,03,"[3.5208399999999997, 3.9399200000000008]",7.4607600000000005,0.11
10_03_04,73.7,50,"[2.776, 3.585, 4.452, 5.553, 6.832]","[139, 179, 223, 278, 342]","[[2.73142, 7.85642]]","[[137, 393]]",10,03,04,[5.125],5.125,0.07
10_03_05,68.92,50,"[4.848, 5.497, 6.402, 3.77, 15.17, 15.787, 16.657, 18.225, 26.013, 27.184, 27.9, 28.669, 34.851, 35.875, 36.812, 37.383, 38.467, 58.961, 59.977, 60.827, 61.947, 63.097]","[242, 275, 320, 188, 758, 789, 833, 911, 1301, 1359, 1395, 1433, 1743, 1794, 1841, 1869, 1923, 2948, 2999, 3041, 3097, 3155]","[[3.68976, 7.39809], [15.081, 19.23142], [25.956, 29.71059], [34.735, 39.50271], [58.82771, 64.15271]]","[[184, 370], [754, 962], [1298, 1486], [1737, 1975], [2941, 3208]]",10,03,05,"[3.7083299999999997, 4.15042, 3.7545900000000003, 4.767710000000001, 5.324999999999996]",21.706049999999998,0.31
11_03_01,63.06,50,"[1.899, 2.772, 4.127, 4.912, 5.673, 6.842, 7.833, 8.945, 10.011, 16.384, 17.337, 16.011, 18.813, 39.169, 39.758, 40.754, 41.84, 42.991, 43.905, 44.559, 45.68, 46.761, 48.087]","[95, 139, 206, 246, 284, 342, 392, 447, 501, 819, 867, 801, 941, 1958, 1988, 2038, 2092, 2150, 2195, 2228, 2284, 2338, 2404]","[[1.83559, 11.06476], [15.91892, 19.85642], [39.08559, 49.08559]]","[[92, 553], [796, 993], [1954, 2454]]",11,03,01,"[9.22917, 3.9375, 10.0]",23.16667,0.37
11_03_02,62.44,50,[],[],[],[],11,03,02,[],0.0,0.0
11_03_03,67.24,50,"[2.671, 3.71, 5.277, 6.28, 7.576, 8.471, 9.431, 10.55, 11.737, 13.468, 25.998, 26.75, 27.918, 29.359]","[134, 186, 264, 314, 379, 424, 472, 528, 587, 673, 1300, 1338, 1396, 1468]","[[2.63, 14.43976], [25.96059, 30.37726]]","[[132, 722], [1298, 1519]]",11,03,03,"[11.80976, 4.41667]",16.22643,0.24
11_03_04,68.82,50,"[4.172, 5.523, 1.455, 2.511, 6.582, 25.566, 26.585, 27.869, 28.973, 30.223, 24.795, 38.357, 39.397, 40.581, 41.861, 42.951, 43.843, 57.198, 58.619, 54.835, 55.892, 59.875, 60.931, 62.092]","[209, 276, 73, 126, 329, 1278, 1329, 1393, 1449, 1511, 1240, 1918, 1970, 2029, 2093, 2148, 2192, 2860, 2931, 2742, 2795, 2994, 3047, 3105]","[[1.41892, 7.56476], [24.727, 31.23142], [38.28, 44.83559], [54.791, 63.06476]]","[[71, 378], [1236, 1562], [1914, 2242], [2740, 3153]]",11,03,04,"[6.14584, 6.50442, 6.555590000000002, 8.273760000000003]",27.479610000000005,0.4
11_03_05,63.72,50,"[13.286, 14.014, 14.855, 15.564, 16.478, 17.164, 17.908, 18.478, 26.264, 27.18, 27.868, 28.785, 29.642, 30.337, 31.072, 31.81, 32.729, 33.609, 34.475]","[664, 701, 743, 778, 824, 858, 895, 924, 1313, 1359, 1393, 1439, 1482, 1517, 1554, 1590, 1636, 1680, 1724]","[[13.237, 19.46059], [26.24, 35.50271]]","[[662, 973], [1312, 1775]]",11,03,05,"[6.22359, 9.262710000000002]",15.486300000000002,0.24
12_03_01,66.92,50,"[21.897, 22.316, 23.616, 25.042, 25.828, 26.517, 27.764, 28.793, 29.756, 30.723, 35.242, 35.745, 36.631, 37.413, 38.017, 38.866, 40.017, 41.122, 42.036, 50.186, 50.604, 51.515, 52.171, 52.988, 53.57, 49.523]","[1095, 1116, 1181, 1252, 1291, 1326, 1388, 1440, 1488, 1536, 1762, 1787, 1832, 1871, 1901, 1943, 2001, 2056, 2102, 2509, 2530, 2576, 2609, 2649, 2678, 2476]","[[20.97974, 31.75246], [35.08634, 43.08634], [49.36101, 54.58559]]","[[1049, 1588], [1754, 2154], [2468, 2729]]",12,03,01,"[10.77272, 8.0, 5.224580000000003]",23.997300000000003,0.36
12_03_02,70.54,50,[],[],[],[],12,03,02,[],0.0,0.0
12_03_03,66.18,50,[],[],[],[],12,03,03,[],0.0,0.0
12_03_04,63.06,50,[],[],[],[],12,03,04,[],0.0,0.0
12_03_05,62.64,50,[],[],[],[],12,03,05,[],0.0,0.0
13_03_01,64.9,50,"[3.063, 4.081, 5.427, 6.319, 10.61, 12.074, 12.97, 13.851, 14.987, 16.034, 17.356, 21.17, 21.843, 24.417, 24.986, 23.217, 30.091, 31.041, 31.992, 33.417, 34.394]","[153, 204, 271, 316, 530, 604, 648, 693, 749, 802, 868, 1058, 1092, 1221, 1249, 1161, 1505, 1552, 1600, 1671, 1720]","[[2.845, 7.35642], [10.52309, 18.41892], [21.12726, 26.02309], [29.92771, 35.42771]]","[[142, 368], [526, 921], [1056, 1301], [1496, 1771]]",13,03,01,"[4.511419999999999, 7.89583, 4.89583, 5.4999999999999964]",22.803079999999998,0.35
13_03_02,63.24,50,"[32.035, 32.819, 34.022, 31.14]","[1602, 1641, 1701, 1557]","[[31.101, 35.00387]]","[[1555, 1750]]",13,03,02,[3.90287],3.90287,0.06
13_03_03,62.74,50,"[6.539, 5.292, 7.426, 9.56, 8.68, 10.696, 12.288, 13.423, 14.391, 15.679]","[327, 265, 371, 478, 434, 535, 614, 671, 720, 784]","[[5.21059, 16.71059]]","[[261, 836]]",13,03,03,[11.5],11.5,0.18
13_03_04,63.78,50,"[17.953, 16.985, 18.88, 19.856, 20.802, 34.52, 35.586, 33.303]","[898, 849, 944, 993, 1040, 1726, 1779, 1665]","[[16.96059, 21.83559], [33.276, 36.58559]]","[[848, 1092], [1664, 1829]]",13,03,04,"[4.875, 3.30959]",8.18459,0.13
13_03_05,63.5,50,"[9.761, 10.537, 8.63, 11.574, 19.817, 20.463, 21.283, 31.088, 31.918, 29.777, 33.134, 33.948, 36.753, 37.342, 38.25, 39.218, 43.007, 44.046, 44.901, 48.729, 49.572, 50.621, 54.46, 55.276, 56.306]","[488, 527, 432, 579, 991, 1023, 1064, 1554, 1596, 1489, 1657, 1697, 1838, 1867, 1912, 1961, 2150, 2202, 2245, 2436, 2479, 2531, 2723, 2764, 2815]","[[8.58559, 12.56476], [19.75226, 22.35642], [29.743, 34.95701], [36.817, 40.25387], [43.01, 45.96816], [48.64673, 51.68244], [54.392, 57.36101]]","[[429, 628], [988, 1118], [1487, 1748], [1841, 2013], [2150, 2298], [2432, 2584], [2720, 2868]]",13,03,05,"[3.97917, 2.6041600000000003, 5.214009999999998, 3.436869999999999, 2.9581599999999995, 3.0357100000000017, 2.9690099999999973]",24.197089999999996,0.38
14_03_01,63.34,50,"[7.259, 8.321, 10.116, 10.81, 11.456, 12.417, 13.208, 14.112, 15.395, 16.522, 17.329, 17.956, 18.617, 19.547, 40.686, 41.495, 42.487, 43.094, 44.007, 45.087, 46.108, 51.726, 52.472, 53.583, 54.392, 55.136, 55.896, 56.728, 57.872, 58.666]","[363, 416, 506, 540, 573, 621, 660, 706, 770, 826, 866, 898, 931, 977, 2034, 2075, 2124, 2155, 2200, 2254, 2305, 2586, 2624, 2679, 2720, 2757, 2795, 2836, 2894, 2933]","[[7.18976, 20.56476], [40.60642, 47.14809], [51.66892, 59.66892]]","[[359, 1028], [2030, 2357], [2583, 2983]]",14,03,01,"[13.375, 6.541670000000003, 8.0]",27.916670000000003,0.44
14_03_02,63.8,50,"[5.45, 6.394, 7.76, 8.946, 9.848, 10.708, 11.898, 13.216, 17.424, 18.572, 19.594, 20.819, 22.193, 27.218, 28.214, 23.43, 24.617, 26.014, 51.274, 52.131, 53.387, 50.187]","[272, 320, 388, 447, 492, 535, 595, 661, 871, 929, 980, 1041, 1110, 1361, 1411, 1172, 1231, 1301, 2564, 2607, 2669, 2509]","[[5.41892, 14.21059], [17.426, 29.21059], [50.16892, 54.39809]]","[[271, 711], [871, 1461], [2508, 2720]]",14,03,02,"[8.79167, 11.784590000000001, 4.229170000000003]",24.805430000000005,0.39
14_03_03,62.06,50,"[19.346, 20.472, 21.449, 22.457]","[967, 1024, 1072, 1123]","[[19.35642, 23.48142]]","[[968, 1174]]",14,03,03,[4.125],4.125,0.07
14_03_04,69.82,50,[],[],[],[],14,03,04,[],0.0,0.0
14_03_05,66.46,50,"[38.666, 39.346, 40.398, 41.389, 42.232, 43.114, 37.799]","[1933, 1967, 2020, 2069, 2112, 2156, 1890]","[[37.71285, 44.12952]]","[[1886, 2206]]",14,03,05,[6.416669999999996],6.416669999999996,0.1
15_03_01,65.72,50,"[21.008, 21.873, 22.952, 23.864, 25.048]","[1050, 1094, 1148, 1193, 1252]","[[21.007, 26.08559]]","[[1050, 1304]]",15,03,01,[5.078589999999998],5.078589999999998,0.08
15_03_02,63.14,50,"[32.776, 30.255, 31.141, 32.101, 33.821, 52.613, 53.727, 54.661, 55.685, 56.713, 57.949]","[1639, 1513, 1557, 1605, 1691, 2631, 2686, 2733, 2784, 2836, 2897]","[[30.22523, 34.80857], [52.578, 58.8919]]","[[1511, 1740], [2629, 2945]]",15,03,02,"[4.583340000000003, 6.313899999999997]",10.89724,0.17
15_03_03,63.4,50,"[21.224, 22.264, 23.08, 24.158, 25.328, 26.919]","[1061, 1113, 1154, 1208, 1266, 1346]","[[21.193, 27.93976]]","[[1060, 1397]]",15,03,03,[6.746759999999998],6.746759999999998,0.11
15_03_04,67.3,50,"[59.648, 58.085, 60.533, 61.63, 62.726]","[2982, 2904, 3027, 3082, 3136]","[[58.011, 63.73142]]","[[2901, 3187]]",15,03,04,[5.720419999999997],5.720419999999997,0.08
15_03_05,65.2,50,"[5.947, 6.659, 7.681, 8.345, 9.067, 9.987, 10.768, 33.863, 34.543, 35.417, 33.088, 32.119]","[297, 333, 384, 417, 453, 499, 538, 1693, 1727, 1771, 1654, 1606]","[[5.924, 11.79392], [31.998, 36.47771]]","[[296, 590], [1600, 1824]]",15,03,05,"[5.86992, 4.479710000000001]",10.349630000000001,0.16
16_03_01,67.56,50,"[15.385, 15.938, 16.924, 17.602, 18.258, 19.385, 37.067, 38.658, 39.274, 40.444, 41.348, 61.355, 62.242, 56.894, 57.465, 58.705, 60.368]","[769, 797, 846, 880, 913, 969, 1853, 1933, 1964, 2022, 2067, 3068, 3112, 2845, 2873, 2935, 3018]","[[15.31476, 20.46059], [36.73, 42.58785], [56.58785, 63.37952]]","[[766, 1023], [1836, 2129], [2829, 3169]]",16,03,01,"[5.14583, 5.857850000000006, 6.791669999999996]",17.795350000000003,0.26
16_03_02,77.14,50,[],[],[],[],16,03,02,[],0.0,0.0
16_03_03,73.02,50,"[36.375, 37.542, 38.874, 40.121, 41.241, 42.183, 43.359]","[1819, 1877, 1944, 2006, 2062, 2109, 2168]","[[36.33559, 44.35642]]","[[1817, 2218]]",16,03,03,[8.020829999999997],8.020829999999997,0.11
16_03_04,63.22,50,[],[],[],[],16,03,04,[],0.0,0.0
16_03_05,61.7,50,[],[],[],[],16,03,05,[],0.0,0.0
17_03_01,67.14,50,"[3.954, 4.34, 4.403, 5.106, 6.202, 7.18, 7.947, 8.858, 10.119, 11.052, 12.31, 22.386, 23.075, 23.826, 24.594, 25.685, 26.618, 27.873, 28.794, 29.973, 31.115, 32.228, 41.262, 42.568, 43.775, 44.334, 45.47, 46.312, 47.143, 48.974, 50.787, 52.263, 53.609, 63.207, 63.957, 64.991, 66.18]","[198, 217, 220, 255, 310, 359, 397, 443, 506, 553, 616, 1119, 1154, 1191, 1230, 1284, 1331, 1394, 1440, 1499, 1556, 1611, 2063, 2128, 2189, 2217, 2274, 2316, 2357, 2449, 2539, 2613, 2680, 3160, 3198, 3250, 3309]","[[3.46285, 13.29392], [22.305, 33.25226], [40.93244, 54.75387], [62.717, 67.04618]]","[[173, 665], [1115, 1663], [2047, 2738], [3136, 3352]]",17,03,01,"[9.83107, 10.94726, 13.82143, 4.329180000000008]",38.92894000000001,0.58
17_03_02,75.66,50,"[33.219, 34.512, 35.907, 37.152, 38.8, 39.904, 40.88, 65.467, 66.517, 68.094, 62.921, 64.089, 69.194]","[1661, 1726, 1795, 1858, 1940, 1995, 2044, 3273, 3326, 3405, 3146, 3204, 3460]","[[33.19746, 41.8919], [62.8919, 70.16968]]","[[1660, 2095], [3145, 3508]]",17,03,02,"[8.69444, 7.27778]",15.97222,0.21
17_03_03,63.38,50,[],[],[],[],17,03,03,[],0.0,0.0
17_03_04,66.52,50,"[39.034, 40.128, 41.872, 42.634, 44.072, 45, 37.919]","[1952, 2006, 2094, 2132, 2204, 2250, 1896]","[[37.87726, 46.00226]]","[[1894, 2300]]",17,03,04,[8.125],8.125,0.12
17_03_05,63.74,50,"[26.148, 27.03, 28.039, 29.141, 29.885, 30.686, 31.545, 32.366]","[1307, 1352, 1402, 1457, 1494, 1534, 1577, 1618]","[[26.04392, 33.37726]]","[[1302, 1669]]",17,03,05,[7.33334],7.33334,0.12
18_03_01,75.78,50,"[36.38, 37.061, 37.788, 38.454, 39.227, 40.53, 41.612, 43.131, 45.612, 46.838, 47.87, 48.878, 50.963, 51.806, 58.896, 59.578, 60.824, 62.049, 63.562, 64.912, 66.087, 67.663]","[1819, 1853, 1889, 1923, 1961, 2026, 2081, 2157, 2281, 2342, 2394, 2444, 2548, 2590, 2945, 2979, 3041, 3102, 3178, 3246, 3304, 3383]","[[36.082, 52.79618], [58.65542, 68.75542]]","[[1804, 2640], [2933, 3438]]",18,03,01,"[16.71418, 10.100000000000001]",26.81418,0.35
18_03_02,74.22,50,"[22.24, 19.945, 20.906, 23.325, 24.818, 26.34, 63.756, 65.099, 66.257, 67.284, 68.579]","[1112, 997, 1045, 1166, 1241, 1317, 3188, 3255, 3313, 3364, 3429]","[[19.952, 27.33559], [63.768, 69.62726]]","[[998, 1367], [3188, 3481]]",18,03,02,"[7.383589999999998, 5.859260000000006]",13.242850000000004,0.18
18_03_03,73.14,50,[],[],[],[],18,03,03,[],0.0,0.0
18_03_04,65.12,50,[],[],[],[],18,03,04,[],0.0,0.0
18_03_05,64.06,50,"[42.886, 43.869, 44.87, 46.096, 47.154, 42.086]","[2144, 2193, 2244, 2305, 2358, 2104]","[[41.95, 48.16892]]","[[2098, 2408]]",18,03,05,[6.218919999999997],6.218919999999997,0.1
19_03_01,81.04,50,"[3.39, 3.968, 5.04, 5.798, 7.015, 7.998, 9.126, 10.327, 11.614, 12.551, 15.168, 15.847, 17.571, 19.063, 1.393, 2.761, 28.783, 29.382, 30.129, 30.753, 31.246, 31.729, 32.095, 32.793, 33.769, 34.593, 35.369, 35.929, 36.409, 37.233, 37.854, 38.359, 38.76, 39.295, 39.664, 40.865, 42.136, 42.76, 43.592, 44.272, 45.072, 45.84, 46.704, 47.67, 61.329, 61.905, 63.162, 64.273, 65.211, 66.529, 67.528, 68.417, 69.054, 69.967, 70.815, 71.985, 73.463, 74.808]","[170, 198, 252, 290, 351, 400, 456, 516, 581, 628, 758, 792, 879, 953, 70, 138, 1439, 1469, 1506, 1538, 1562, 1586, 1605, 1640, 1688, 1730, 1768, 1796, 1820, 1862, 1893, 1918, 1938, 1965, 1983, 2043, 2107, 2138, 2180, 2214, 2254, 2292, 2335, 2384, 3066, 3095, 3158, 3214, 3261, 3326, 3376, 3421, 3453, 3498, 3541, 3599, 3673, 3740]","[[1.27309, 20.04392], [28.625, 48.72214], [60.808, 75.85542]]","[[64, 1002], [1431, 2436], [3040, 3793]]",19,03,01,"[18.77083, 20.097140000000003, 15.047419999999995]",53.915389999999995,0.67
19_03_02,69.7,50,"[13.56, 14.445, 15.629, 17.045, 18.809, 20.213, 21.008, 22.054, 23.038]","[678, 722, 781, 852, 940, 1011, 1050, 1103, 1152]","[[13.52309, 24.04392]]","[[676, 1202]]",19,03,02,[10.52083],10.52083,0.15
19_03_03,69.54,50,"[1.268, 2.535, 3.693, 4.892, 6.884, 62.943, 64.007, 65.338]","[63, 127, 185, 245, 344, 3147, 3200, 3267]","[[1.23142, 7.85642], [62.966, 66.33559]]","[[62, 393], [3148, 3317]]",19,03,03,"[6.625, 3.369589999999995]",9.994589999999995,0.14
19_03_04,65.26,50,[],[],[],[],19,03,04,[],0.0,0.0
19_03_05,72.04,50,"[22.287, 23.038, 24.172, 25.162, 25.854, 26.468, 27.435, 28.523, 50.107, 50.98, 49.048, 51.716, 52.973, 53.959, 54.88, 55.813, 56.855, 57.935, 58.969, 60.06, 61.077, 62.197, 63.302, 64.289]","[1114, 1152, 1209, 1258, 1293, 1323, 1372, 1426, 2505, 2549, 2452, 2586, 2649, 2698, 2744, 2791, 2843, 2897, 2948, 3003, 3054, 3110, 3165, 3214]","[[22.25226, 29.52309], [48.98142, 65.29392]]","[[1113, 1476], [2449, 3265]]",19,03,05,"[7.27083, 16.3125]",23.58333,0.33
20_03_01,68.5,50,"[14.284, 15.012, 15.877, 16.948, 17.83, 23.469, 24.227, 25.149, 25.972, 27.156, 28.165, 37.894, 38.5, 39.365, 40.589]","[714, 751, 794, 847, 891, 1173, 1211, 1257, 1299, 1358, 1408, 1895, 1925, 1968, 2029]","[[14.04, 18.79392], [23.305, 29.16892], [37.68976, 41.62726]]","[[702, 940], [1165, 1458], [1884, 2081]]",20,03,01,"[4.753920000000001, 5.86392, 3.9375]",14.555340000000001,0.21
20_03_02,63.6,50,"[13.53, 11.842, 12.687, 14.537, 16.065, 17.485, 18.498, 33.488, 34.56, 35.567, 36.8]","[676, 592, 634, 727, 803, 874, 925, 1674, 1728, 1778, 1840]","[[11.81476, 19.50226], [33.431, 37.82771]]","[[591, 975], [1672, 1891]]",20,03,02,"[7.6875, 4.396710000000006]",12.084210000000006,0.19
20_03_03,72.5,50,[],[],[],[],20,03,03,[],0.0,0.0
20_03_04,67.42,50,[],[],[],[],20,03,04,[],0.0,0.0
20_03_05,61.48,50,"[7.498, 8.178, 9.098, 9.7, 10.664, 28.489, 27.51, 29.2, 30.19, 31.111]","[375, 409, 455, 485, 533, 1424, 1376, 1460, 1510, 1556]","[[7.41892, 11.66892], [27.35642, 32.14809]]","[[371, 583], [1368, 1607]]",20,03,05,"[4.25, 4.791670000000003]",9.041670000000003,0.15
21_03_01,66.98,50,[],[],[],[],21,03,01,[],0.0,0.0
21_03_02,64.76,50,"[5.555, 6.629, 7.553, 4.815, 34.928, 36.138, 37.185, 38.194, 39.015, 39.863, 40.612, 42.159, 51.527, 50.302, 52.725, 53.854]","[278, 331, 378, 241, 1746, 1807, 1859, 1910, 1951, 1993, 2031, 2108, 2576, 2515, 2636, 2693]","[[4.77309, 8.56476], [34.818, 43.19746], [50.19746, 54.83634]]","[[239, 428], [1741, 2160], [2510, 2742]]",21,03,02,"[3.79167, 8.379460000000002, 4.63888]",16.810010000000002,0.26
21_03_03,64.48,50,[],[],[],[],21,03,03,[],0.0,0.0
21_03_04,68.94,50,"[4.983, 3.61, 6.062, 38.528, 37.173, 39.711, 40.733, 51.248, 52.311, 53.602, 50.043]","[249, 180, 303, 1926, 1859, 1986, 2037, 2562, 2616, 2680, 2502]","[[3.554, 7.07065], [37.068, 41.75339], [49.911, 54.68244]]","[[178, 354], [1853, 2088], [2496, 2734]]",21,03,04,"[3.51665, 4.685390000000005, 4.771439999999998]",12.973480000000004,0.19
21_03_05,67.48,50,[],[],[],[],21,03,05,[],0.0,0.0
22_03_01,67.26,50,"[3.678, 5.155, 6.073, 7.282, 8.61, 9.377, 10.177, 11.074, 12.618, 14.099, 15.267, 16.035, 17.239, 18.329, 19.161, 20.681, 21.649, 22.248, 23.108, 24.264, 25.967, 27.511, 28.526, 29.709, 30.973, 32.204, 33.478, 34.476, 35.673, 36.517, 37.885, 39.372, 46.541, 47.589, 48.389, 49.492, 50.758, 51.692, 52.67, 53.63, 55.413, 61.406, 61.821, 62.918, 64.254]","[184, 258, 304, 364, 430, 469, 509, 554, 631, 705, 763, 802, 862, 916, 958, 1034, 1082, 1112, 1155, 1213, 1298, 1376, 1426, 1485, 1549, 1610, 1674, 1724, 1784, 1826, 1894, 1969, 2327, 2379, 2419, 2475, 2538, 2585, 2634, 2682, 2771, 3070, 3091, 3146, 3213]","[[3.48142, 40.41968], [46.3253, 56.5753], [61.116, 65.33785]]","[[174, 2021], [2316, 2829], [3056, 3267]]",22,03,01,"[36.93826, 10.25, 4.221850000000003]",51.41011,0.76
22_03_02,68.56,50,"[2.243, 1.151, 3.094, 4.172, 5.428, 6.711, 7.563, 8.565, 9.499, 10.502, 11.78, 12.743, 20.828, 19.147, 21.719, 22.661, 23.606, 29.885, 28.82, 30.958, 32.214, 33.252, 34.25, 35.509, 42.306, 43.62, 44.675, 46.012, 51.516, 52.604, 50.349, 54.261, 61.909, 62.965, 60.613, 64.243, 65.147, 65.996]","[112, 58, 155, 209, 271, 336, 378, 428, 475, 525, 589, 637, 1041, 957, 1086, 1133, 1180, 1494, 1441, 1548, 1611, 1663, 1712, 1775, 2115, 2181, 2234, 2301, 2576, 2630, 2517, 2713, 3095, 3148, 3031, 3212, 3257, 3300]","[[1.148, 13.68976], [19.135, 24.62726], [28.769, 36.53079], [42.228, 47.0753], [50.231, 55.3253], [60.636, 67.00542]]","[[57, 684], [957, 1231], [1438, 1827], [2111, 2354], [2512, 2766], [3032, 3350]]",22,03,02,"[12.54176, 5.492259999999998, 7.761790000000005, 4.847299999999997, 5.094299999999997, 6.369419999999998]",42.106829999999995,0.61
22_03_03,65.0,50,"[4.726, 5.946, 6.783, 8.257, 3.717, 25.757, 27.099, 27.955, 28.987, 24.853]","[236, 297, 339, 413, 186, 1288, 1355, 1398, 1449, 1243]","[[3.722, 9.25226], [24.81476, 30.04392]]","[[186, 463], [1241, 1502]]",22,03,03,"[5.53026, 5.22916]",10.75942,0.17
22_03_04,63.02,50,"[21.581, 19.939, 20.658, 22.61, 24.252, 25.453, 26.762, 28.117, 41.044, 42.09, 39.365, 38.238, 40.292]","[1079, 997, 1033, 1130, 1213, 1273, 1338, 1406, 2052, 2104, 1968, 1912, 2015]","[[19.93976, 29.12726], [38.21059, 43.08559]]","[[997, 1456], [1911, 2154]]",22,03,04,"[9.1875, 4.875]",14.0625,0.22
22_03_05,62.56,50,"[2.638, 3.466, 4.278, 5.055, 5.878, 6.85, 7.665]","[132, 173, 214, 253, 294, 342, 383]","[[2.52309, 8.68976]]","[[126, 434]]",22,03,05,[6.16667],6.16667,0.1
23_03_01,76.58,50,"[1.997, 3.196, 4.215, 5.651, 8.618, 9.148, 22.996, 24.307, 25.206, 26.374, 27.549, 36.125, 37.155, 37.907, 39.475, 40.686, 43.244, 44.565, 46.011, 55.637, 55.939, 56.219, 57.69, 58.858, 59.939, 60.909, 68.196, 68.819, 70.203, 71.067, 71.834, 72.613, 7.193, 54.238, 67.253]","[100, 160, 211, 283, 431, 457, 1150, 1215, 1260, 1319, 1377, 1806, 1858, 1895, 1974, 2034, 2162, 2228, 2301, 2782, 2797, 2811, 2884, 2943, 2997, 3045, 3410, 3441, 3510, 3553, 3592, 3631, 360, 2712, 3363]","[[1.96059, 10.16892], [22.794, 28.62726], [35.797, 47.03464], [54.097, 61.90542], [67.05542, 73.75542]]","[[98, 508], [1140, 1431], [1790, 2352], [2705, 3095], [3353, 3688]]",23,03,01,"[8.20833, 5.833259999999999, 11.237640000000006, 7.808419999999998, 6.700000000000003]",39.787650000000006,0.52
23_03_02,72.44,50,"[9.516, 8.697, 10.567, 11.702, 12.898, 14.104, 15.151, 16.47, 17.527, 26.047, 24.714, 27.348, 28.505, 29.538, 30.802, 31.891, 32.915, 33.725, 34.605, 41.169, 42.123, 43.513, 44.651, 45.666, 46.883, 48.196, 49.327]","[476, 435, 528, 585, 645, 705, 758, 824, 876, 1302, 1236, 1367, 1425, 1477, 1540, 1595, 1646, 1686, 1730, 2058, 2106, 2176, 2233, 2283, 2344, 2410, 2466]","[[8.66892, 18.50226], [24.64809, 35.62771], [41.172, 50.3253]]","[[433, 925], [1232, 1781], [2059, 2516]]",23,03,02,"[9.83334, 10.97962, 9.153300000000002]",29.966260000000002,0.41
23_03_03,62.14,50,[],[],[],[],23,03,03,[],0.0,0.0
23_03_04,66.76,50,[],[],[],[],23,03,04,[],0.0,0.0
23_03_05,69.08,50,"[6.097, 6.762, 7.548]","[305, 338, 377]","[[5.968, 8.56476]]","[[298, 428]]",23,03,05,[2.5967599999999997],2.5967599999999997,0.04
24_03_01,64.4,50,"[15.666, 16.507, 17.844, 18.763, 34.922, 35.664, 36.34, 37.616, 50.188, 50.725, 51.86, 53.019, 54.245, 54.883, 55.534, 60.535, 61.11]","[783, 825, 892, 938, 1746, 1783, 1817, 1881, 2509, 2536, 2593, 2651, 2712, 2744, 2777, 3027, 3056]","[[14.861, 19.79392], [34.255, 38.65964], [49.442, 56.58785], [59.707, 62.33785]]","[[743, 990], [1713, 1933], [2472, 2829], [2985, 3117]]",24,03,01,"[4.932919999999999, 4.4046400000000006, 7.145850000000003, 2.6308500000000024]",19.114260000000005,0.3
24_03_02,65.96,50,"[36.018, 37.136, 38.217, 39.376, 40.648, 46.752, 47.506, 48.959, 49.623, 50.561, 51.511, 52.543, 53.564]","[1801, 1857, 1911, 1969, 2032, 2338, 2375, 2448, 2481, 2528, 2576, 2627, 2678]","[[35.93976, 41.64809], [46.73142, 54.56476]]","[[1797, 2082], [2337, 2728]]",24,03,02,"[5.708330000000004, 7.83334]",13.541670000000003,0.21
24_03_03,67.78,50,"[43.464, 44.774, 41.702, 42.494, 45.958, 47.006, 48.016, 50.796, 49.173, 51.861, 52.807, 53.749, 54.782, 55.715, 56.701, 57.462, 58.365, 60.053, 60.917, 62.117, 63.136]","[2173, 2239, 2085, 2125, 2298, 2350, 2401, 2540, 2459, 2593, 2640, 2687, 2739, 2786, 2835, 2873, 2918, 3003, 3046, 3106, 3157]","[[41.66892, 64.14809]]","[[2083, 3207]]",24,03,03,[22.479169999999996],22.479169999999996,0.33
24_03_04,69.04,50,[],[],[],[],24,03,04,[],0.0,0.0
24_03_05,71.78,50,[],[],[],[],24,03,05,[],0.0,0.0
25_03_01,72.1,50,"[6.837, 7.469, 8.837, 10.421, 11.885, 13.765, 5.746, 15.255, 16.734, 18.086, 25.519, 26.289, 27.375, 28.493]","[342, 373, 442, 521, 594, 688, 287, 763, 837, 904, 1276, 1314, 1369, 1425]","[[5.46, 19.10642], [24.932, 29.60642]]","[[273, 955], [1247, 1480]]",25,03,01,"[13.646419999999999, 4.674420000000001]",18.32084,0.25
25_03_02,68.7,50,[],[],[],[],25,03,02,[],0.0,0.0
25_03_03,65.58,50,[],[],[],[],25,03,03,[],0.0,0.0
25_03_04,68.88,50,[],[],[],[],25,03,04,[],0.0,0.0
25_03_05,69.18,50,"[13.356, 14.012, 15.011, 15.954, 16.717]","[668, 701, 751, 798, 836]","[[13.27309, 17.79392]]","[[664, 890]]",25,03,05,[4.52083],4.52083,0.07
26_03_01,69.22,50,[],[],[],[],26,03,01,[],0.0,0.0
26_03_02,81.08,50,"[65.028, 63.589, 66.019, 67.413, 68.677, 69.588, 70.707, 71.741, 73.125, 74.349, 75.341, 76.589]","[3251, 3179, 3301, 3371, 3434, 3479, 3535, 3587, 3656, 3717, 3767, 3829]","[[63.53464, 77.56589]]","[[3177, 3878]]",26,03,02,[14.031249999999993],14.031249999999993,0.17
26_03_03,69.94,50,"[5.035, 6.066, 7.187, 8.526, 9.885, 14.954, 17.058, 18.243, 11.619, 12.766, 13.861, 16.146, 62.214, 63.406, 64.537, 65.79, 60.87]","[252, 303, 359, 426, 494, 748, 853, 912, 581, 638, 693, 807, 3111, 3170, 3227, 3290, 3044]","[[5.001, 19.23142], [60.83559, 66.77309]]","[[250, 962], [3042, 3339]]",26,03,03,"[14.230419999999999, 5.937499999999993]",20.16791999999999,0.29
26_03_04,69.5,50,[],[],[],[],26,03,04,[],0.0,0.0
26_03_05,67.04,50,"[16.968, 17.902, 18.908, 16.133, 27.482, 28.187, 29.003, 29.826, 44.441, 45.224, 46.378, 47.476, 48.219, 44.031]","[848, 895, 945, 807, 1374, 1409, 1450, 1491, 2222, 2261, 2319, 2374, 2411, 2202]","[[16.02309, 19.91892], [27.371, 30.87726], [43.905, 49.27309]]","[[801, 996], [1369, 1544], [2195, 2464]]",26,03,05,"[3.89583, 3.506260000000001, 5.368090000000002]",12.770180000000003,0.19
27_03_01,64.62,50,"[6.185, 6.512, 8.19, 30.056, 31.159, 31.878, 33.398, 41.201, 42.897, 4.891]","[309, 326, 410, 1503, 1558, 1594, 1670, 2060, 2145, 245]","[[4.653, 9.18976], [29.91968, 34.47523], [40.904, 43.94746]]","[[233, 459], [1496, 1724], [2045, 2197]]",27,03,01,"[4.53676, 4.555550000000004, 3.043459999999996]",12.13577,0.19
27_03_02,62.22,50,"[16.297, 17.327, 18.315, 19.379, 20.323, 14.864, 40.863, 41.848, 42.695, 43.809, 44.648, 45.536]","[815, 866, 916, 969, 1016, 743, 2043, 2092, 2135, 2190, 2232, 2277]","[[14.856, 21.29392], [40.83559, 46.52309]]","[[743, 1065], [2042, 2326]]",27,03,02,"[6.43792, 5.6875]",12.12542,0.19
27_03_03,64.84,50,"[4.579, 5.604, 6.693, 7.691, 9.174, 10.131, 11.501, 12.555, 51.375, 52.418, 53.543, 54.56, 55.903]","[229, 280, 335, 385, 459, 507, 575, 628, 2569, 2621, 2677, 2728, 2795]","[[4.48142, 13.54392], [51.27309, 56.89809]]","[[224, 677], [2564, 2845]]",27,03,03,"[9.0625, 5.625]",14.6875,0.23
27_03_04,62.18,50,"[3.357, 4.479, 5.532, 6.788, 17.076, 18.303, 19.344, 16.08, 20.487, 40.595, 41.716, 39.61]","[168, 224, 277, 339, 854, 915, 967, 804, 1024, 2030, 2086, 1980]","[[3.353, 7.75226], [16.025, 21.48142], [39.54392, 42.68976]]","[[168, 388], [801, 1074], [1977, 2134]]",27,03,04,"[4.39926, 5.456420000000001, 3.1458399999999997]",13.001520000000001,0.21
27_03_05,66.58,50,"[48.395, 49.113, 50.041, 50.646, 51.448, 52.408, 53.151]","[2420, 2456, 2502, 2532, 2572, 2620, 2658]","[[48.29392, 54.14809]]","[[2415, 2707]]",27,03,05,[5.854170000000003],5.854170000000003,0.09
28_03_01,65.94,50,"[3.154, 3.834, 4.868, 5.596, 6.402, 7.797, 8.94, 9.955, 19.403, 20.939, 21.796, 22.963, 24.324, 25.517, 26.94, 32.948, 34.156, 35.722, 44.788, 45.837, 47.02, 59.94, 60.708]","[158, 192, 243, 280, 320, 390, 447, 498, 970, 1047, 1090, 1148, 1216, 1276, 1347, 1647, 1708, 1786, 2239, 2292, 2351, 2997, 3035]","[[2.954, 11.00226], [19.18976, 28.06476], [32.716, 36.8253], [44.57, 48.03959], [59.65542, 61.90542]]","[[148, 550], [959, 1403], [1636, 1841], [2228, 2402], [2983, 3095]]",28,03,01,"[8.048259999999999, 8.875, 4.1092999999999975, 3.4695899999999966, 2.25]",26.752149999999993,0.41
28_03_02,63.7,50,"[58.485, 59.619, 57.653]","[2924, 2981, 2883]","[[57.62726, 60.64809]]","[[2881, 3032]]",28,03,02,[3.0208300000000037],3.0208300000000037,0.05
28_03_03,63.32,50,"[2.408, 3.386, 4.552, 5.64, 6.493, 7.624, 8.537, 9.794, 10.961, 11.906, 13.016, 14.072, 15.212, 16.244, 1.486, 31.574, 32.83, 33.916, 34.828, 30.388, 41.461, 42.498, 40.388, 43.405, 44.649, 45.786]","[120, 169, 228, 282, 325, 381, 427, 490, 548, 595, 651, 704, 761, 812, 74, 1579, 1642, 1696, 1741, 1519, 2073, 2125, 2019, 2170, 2232, 2289]","[[1.43976, 17.23142], [30.36412, 35.78079], [40.39, 46.80857]]","[[72, 862], [1518, 1789], [2020, 2340]]",28,03,03,"[15.79166, 5.416670000000003, 6.4185700000000026]",27.626900000000006,0.44
28_03_04,64.34,50,"[2.915, 2.095, 3.908, 5.02, 19.646, 20.596, 21.949, 22.901, 23.923, 18.209, 28.246, 26.764, 27.682, 29.105, 30.323, 31.617, 32.668, 41.866, 42.978, 44.073, 45.394, 57.865, 58.786, 59.957, 56.586]","[146, 105, 195, 251, 982, 1030, 1097, 1145, 1196, 910, 1412, 1338, 1384, 1455, 1516, 1581, 1633, 2093, 2149, 2204, 2270, 2893, 2939, 2998, 2829]","[[1.984, 6.00226], [18.18976, 24.91892], [26.699, 33.71059], [41.889, 46.37726], [56.586, 60.96059]]","[[99, 300], [909, 1246], [1335, 1686], [2094, 2319], [2829, 3048]]",28,03,04,"[4.01826, 6.72916, 7.011590000000002, 4.488259999999997, 4.374590000000005]",26.621860000000005,0.41
28_03_05,63.34,50,"[3.925, 4.701, 5.445, 6.173, 9.74, 10.706, 11.384, 12.183, 13.193, 14.159, 20.025, 20.647, 21.333, 19.026, 25.866, 26.625, 27.691, 28.4, 29.185, 25.282, 43.915, 44.675, 45.571, 46.25, 46.82, 47.77]","[196, 235, 272, 309, 487, 535, 569, 609, 660, 708, 1001, 1032, 1067, 951, 1293, 1331, 1385, 1420, 1459, 1264, 2196, 2234, 2279, 2312, 2341, 2388]","[[3.87726, 7.18976], [9.711, 15.18976], [18.91892, 22.41892], [25.165, 30.21059], [43.855, 48.75226]]","[[194, 359], [486, 759], [946, 1121], [1258, 1511], [2193, 2438]]",28,03,05,"[3.3124999999999996, 5.478759999999999, 3.5, 5.045590000000001, 4.897260000000003]",22.23411,0.35
29_03_01,67.22,50,"[2.28, 2.865, 3.865, 4.848, 5.567, 6.92, 7.713, 1.623, 27.231, 28.222, 29.593, 30.591, 31.591, 32.599, 40.2, 40.92, 41.815, 43.095, 44.135, 45.426, 46.677, 48.031, 48.981]","[114, 143, 193, 242, 278, 346, 386, 81, 1362, 1411, 1480, 1530, 1580, 1630, 2010, 2046, 2091, 2155, 2207, 2271, 2334, 2402, 2449]","[[1.439, 8.75226], [27.10642, 33.58559], [39.982, 50.04392]]","[[72, 438], [1355, 1679], [1999, 2502]]",29,03,01,"[7.31326, 6.479170000000003, 10.06192]",23.854350000000004,0.35
29_03_02,64.44,50,"[7.708, 6.751, 8.742, 9.888, 45.781, 47.101, 44.712, 54.886, 55.894, 57.093, 58.391, 59.573]","[385, 338, 437, 494, 2289, 2355, 2236, 2744, 2795, 2855, 2920, 2979]","[[6.68976, 10.89809], [44.726, 48.06476], [54.894, 60.58559]]","[[334, 545], [2236, 2403], [2745, 3029]]",29,03,02,"[4.20833, 3.3387600000000006, 5.691590000000005]",13.238680000000006,0.21
29_03_03,62.44,50,[],[],[],[],29,03,03,[],0.0,0.0
29_03_04,62.8,50,"[36.336, 37.344, 38.467, 39.608]","[1817, 1867, 1923, 1980]","[[36.29392, 40.60642]]","[[1815, 2030]]",29,03,04,[4.3125],4.3125,0.07
29_03_05,68.74,50,"[62.792, 63.502, 64.409]","[3140, 3175, 3220]","[[62.73142, 65.50226]]","[[3137, 3275]]",29,03,05,[2.770840000000007],2.770840000000007,0.04
30_03_01,68.84,50,"[9.213, 9.674, 10.653, 11.067, 11.516, 12.212, 13.066, 14.745, 16.179, 17.45, 39.659, 40.472, 41.881, 42.963, 43.998, 59.2, 56.773, 57.685, 60.323, 61.334, 62.702, 64.062, 31.903, 32.956, 33.855, 35.284, 36.391, 37.38, 38.212, 30.407]","[461, 484, 533, 553, 576, 611, 653, 737, 809, 872, 1983, 2024, 2094, 2148, 2200, 2960, 2839, 2884, 3016, 3067, 3135, 3203, 1595, 1648, 1693, 1764, 1820, 1869, 1911, 1520]","[[9.069, 18.43976], [30.28959, 45.14673], [56.55542, 65.15542]]","[[453, 922], [1514, 2257], [2828, 3258]]",30,03,01,"[9.370759999999999, 14.857139999999998, 8.600000000000009]",32.82790000000001,0.48
30_03_02,61.78,50,"[1.897, 3.023, 0.893, 7.807, 8.898, 6.975, 9.752, 10.881, 11.958, 12.855, 13.847, 15.107, 16.247, 27.112, 28.312, 25.97, 29.304, 30.384, 39.778, 38.451, 41.989, 41.045, 43.435, 48.037, 49.104, 44.85, 46.139, 47.155, 50.104, 51.22, 52.358, 53.484, 54.548, 55.929]","[95, 151, 45, 390, 445, 349, 488, 544, 598, 643, 692, 755, 812, 1356, 1416, 1298, 1465, 1519, 1989, 1923, 2099, 2052, 2172, 2402, 2455, 2242, 2307, 2358, 2505, 2561, 2618, 2674, 2727, 2796]","[[0.911, 4.02309], [6.93976, 17.21059], [25.96059, 31.39809], [38.462, 56.91892]]","[[46, 201], [347, 861], [1298, 1570], [1923, 2846]]",30,03,02,"[3.11209, 10.27083, 5.4375, 18.456919999999997]",37.277339999999995,0.6
30_03_03,70.92,50,"[5.016, 5.857, 6.72, 7.745, 8.621, 9.724, 10.971, 22.44, 23.568, 24.6, 25.553, 26.491, 27.727, 29.28, 39.814, 40.966, 42.134, 43.113, 44.16, 45.294, 46.483, 48.062, 49.406, 50.622, 51.471, 52.058, 52.973, 54.109, 55.432, 56.783, 57.945, 59.065, 60.063]","[251, 293, 336, 387, 431, 486, 549, 1122, 1178, 1230, 1278, 1325, 1386, 1464, 1991, 2048, 2107, 2156, 2208, 2265, 2324, 2403, 2470, 2531, 2574, 2603, 2649, 2705, 2772, 2839, 2897, 2953, 3003]","[[4.96059, 11.93976], [22.388, 30.29392], [39.79392, 61.06476]]","[[248, 597], [1119, 1515], [1990, 3053]]",30,03,03,"[6.97917, 7.905919999999998, 21.27084]",36.15593,0.51
30_03_04,62.44,50,"[7.771, 5.93, 6.693, 8.764, 9.869, 10.789, 11.681, 12.633, 13.709, 14.741, 33.741, 34.994, 36.141, 37.271, 38.15, 39.455, 53.296, 51.306, 52.301, 54.191]","[389, 296, 335, 438, 493, 539, 584, 632, 685, 737, 1687, 1750, 1807, 1864, 1908, 1973, 2665, 2565, 2615, 2710]","[[5.91892, 15.73142], [33.684, 40.44746], [51.28079, 55.16968]]","[[296, 787], [1684, 2022], [2564, 2758]]",30,03,04,"[9.8125, 6.763460000000002, 3.8888899999999964]",20.46485,0.33
30_03_05,73.0,50,"[14.635, 15.553, 16.706, 18.008, 18.849, 19.578, 36.784, 37.446, 38.59, 39.456, 40.461, 51.009, 51.984, 52.826, 53.53, 54.198, 55.183, 56.136, 56.984, 57.817, 58.513, 59.48, 60.238]","[732, 778, 835, 900, 942, 979, 1839, 1872, 1930, 1973, 2023, 2550, 2599, 2641, 2676, 2710, 2759, 2807, 2849, 2891, 2926, 2974, 3012]","[[14.546, 20.62726], [36.68976, 41.50226], [50.87726, 61.31476]]","[[727, 1031], [1834, 2075], [2544, 3066]]",30,03,05,"[6.08126, 4.8125, 10.4375]",21.33126,0.29
